,State,Stable,Fe Spin Density,<S^2>,Energy (Ha),HONO-1,HONO,LUNO,LUNO+1
0,1_A,True,-2.04615,3.1561445,-2497.22503666151,1.1514440971163946,1.0505575742616005,0.9494424257383937,0.848555902883605
1,1_B,True,2.01785,3.1094649,-2497.22000670664,1.1495559916157225,1.1197610389080443,0.880238961091951,0.8504440083842745
2,1_C,True,1.78035,4.1601741,-2497.20008609491,1.2582732225190627,1.1165652312914154,0.8834347687085853,0.7417267774809334
3,3_A,True,1.87634,4.6108087,-2497.19678009441,1.3190135799325695,1.0000000000000002,0.9999999999999976,0.6809864200674246
4,3_B,True,1.87484,4.6033975,-2497.19626281153,1.3181484120253568,1.0000000000000016,0.9999999999999948,0.6818515879746432
5,3_C,True,3.7649,5.4185739,-2497.26495002181,1.1765736710278563,1.0000000000000138,0.9999999999999981,0.8234263289721453
